{
    "Papua New Guinea": [
        "Lae",
        "Port Moresby"
    ],
    "Cambodia": [
        "Battambang",
        "Kampot",
        "Phnom Penh",
        "Siem Reap",
        "Sihanoukville"
    ],
    "Kazakhstan": [
        "Aktau",
        "Aktobe",
        "Almaty",
        "Astana",
        "Atyrau",
        "Jezkazgan (Zhezkazgan)",
        "Karaganda (Qaraghandy)",
        "Oskemen",
        "Pavlodar",
        "Petropavl"
    ],
    "Paraguay": [
        "Asuncion"
    ],
    "Syria": [
        "Aleppo",
        "Damascus",
        "Dimashq",
        "Hims",
        "Latakia"
    ],
    "Bahamas": [
        "Freeport",
        "Nassau"
    ],
    "Mali": [
        "Bamako"
    ],
    "Marshall Islands": [
        "Majuro"
    ],
    "Panama": [
        "Bocastown, Isla Colon",
        "Boquete",
        "Coronado",
        "David",
        "Panama City"
    ],
    "Laos": [
        "Luang Prabang",
        "Vientiane"
    ],
    "Argentina": [
        "Buenos Aires",
        "Cordoba",
        "La Plata",
        "Mar Del Plata",
        "Mendoza",
        "Rosario",
        "Salta",
        "San Martin de Los Andes",
        "Tucuman"
    ],
    "Isle Of Man": [
        "Douglas",
        "Onchan"
    ],
    "Seychelles": [
        "Beau Vallon",
        "Mahe",
        "Victoria"
    ],
    "Belize": [
        "Belize City",
        "Belmopan",
        "Corozal",
        "Orange Walk",
        "Punta Gorda",
        "San Ignacio"
    ],
    "Zambia": [
        "Agrinio",
        "Alexandroupolis",
        "Argyroupoli",
        "Athens",
        "Ayia Paraskevi",
        "Chalandri (Halandri)",
        "Chania",
        "Corfu",
        "Crete",
        "Drama",
        "Florina",
        "Heraklion",
        "Ioannina",
        "Kalamata",
        "Katerini",
        "Kavala",
        "Kefalonia",
        "Komotini",
        "Kos",
        "Kozani",
        "Larissa",
        "Mykonos (Mikonos)",
        "Mytilene",
        "Nafplion",
        "Naxos",
        "Palaio Faliro, Athens",
        "Patras",
        "Peristeri",
        "Piraeus (Pireas)",
        "Pyrgos",
        "Rethymno",
        "Rhodes",
        "Santorini",
        "Serrai",
        "Sparta",
        "Thessaloniki",
        "Trikala",
        "Veria",
        "Volos",
        "Xanthi",
        "Zakynthos"
    ],
    "Bahrain": [
        "Al Muharraq",
        "Juffair",
        "Manama",
        "Riffa",
        "Saar"
    ],
    "Congo": [
        "Brazzaville",
        "Kinshasa"
    ],
    "Namibia": [
        "Tsumeb",
        "Walvis Bay",
        "Windhoek"
    ],
    "Faroe Islands": [
        "Torshavn"
    ],
    "Finland": [
        "Espoo",
        "Hameenlinna",
        "Helsinki",
        "Joensuu",
        "Jyvaskyla",
        "Kuopio",
        "Lahti",
        "Lappeenranta",
        "Oulu",
        "Pori",
        "Porvoo",
        "Rovaniemi",
        "Seinajoki",
        "Tampere",
        "Turku",
        "Vaasa",
        "Vantaa"
    ],
    "Palestinian Territory": [
        "Beit Lahm",
        "Gaza",
        "Nablus",
        "Ramallah"
    ],
    "Georgia": [
        "Batumi, Ajara",
        "Rustavi",
        "Tamarisi",
        "Tbilisi"
    ],
    "Yemen": [
        "Sana'a",
        "Sanaa"
    ],
    "Puerto Rico": [
        "Aguadilla",
        "Arecibo",
        "Bayamon",
        "Cabo Rojo",
        "Caguas",
        "Carolina",
        "Cayey",
        "Dorado",
        "Guayama",
        "Guaynabo",
        "Humacao",
        "Isabela",
        "Mayaguez",
        "Ponce",
        "Rincon",
        "San Juan"
    ],
    "Aruba": [
        "Aruba",
        "Noord",
        "Oranjestad"
    ],
    "Madagascar": [
        "Antananarivo"
    ],
    "Ivory Coast": [
        "Abidjan"
    ],
    "Libya": [
        "Benghazi",
        "Misratah",
        "Tripoli"
    ],
    "Sweden": [
        "Akersberga",
        "Boras",
        "Eskilstuna",
        "Falun",
        "Gavle",
        "Gothenburg",
        "Halmstad",
        "Helsingborg",
        "Jonkoping",
        "Kalmar",
        "Karlskrona",
        "Karlstad",
        "Kristianstad",
        "Linkoping",
        "Lulea",
        "Lund",
        "Malmo",
        "Norrkoping",
        "Nyköping",
        "Orebro",
        "Ostersund",
        "Skelleftea",
        "Skovde",
        "Stenungsund",
        "Stockholm",
        "Sundsvall",
        "Umea",
        "Uppsala",
        "Vasteras",
        "Vaxjo"
    ],
    "Malawi": [
        "Blantyre",
        "Lilongwe"
    ],
    "Andorra": [
        "Andorra La Vella"
    ],
    "Poland": [
        "Augustow",
        "Bialystok",
        "Bielsko-biala",
        "Boleslawiec",
        "Bydgoszcz",
        "Bytom",
        "Chorzow",
        "Chrzanow",
        "Czestochowa",
        "Dabrowa Gornicza",
        "Gdansk",
        "Gdynia",
        "Gliwice",
        "Kalisz",
        "Katowice",
        "Kielce",
        "Koszalin",
        "Krakow (Cracow)",
        "Legnica",
        "Lodz",
        "Lomza",
        "Lublin",
        "Nowy Sacz",
        "Olsztyn",
        "Opole",
        "Pila",
        "Plock",
        "Poznan",
        "Radom",
        "Rybnik",
        "Rzeszow",
        "Slupsk",
        "Sopot",
        "Sosnowiec",
        "Szczecin",
        "Torun",
        "Tychy",
        "Walbrzych",
        "Warsaw",
        "Wroclaw",
        "Zielona Gora"
    ],
    "Bulgaria": [
        "Bansko",
        "Blagoevgrad",
        "Burgas",
        "Dobrich",
        "Gabrovo",
        "Haskovo",
        "Kardzhali",
        "Pernik",
        "Pleven",
        "Plovdiv",
        "Ruse",
        "Shumen",
        "Sliven",
        "Sofia",
        "Stara Zagora",
        "Varna",
        "Veliko Tarnovo",
        "Vidin",
        "Vraca",
        "Yambol"
    ],
    "Jordan": [
        "Al Jubayhah",
        "Al Mafraq",
        "Amman",
        "Az-zarqa'",
        "Irbid",
        "Madaba"
    ],
    "Tunisia": [
        "Al Marsa",
        "Ariana",
        "Ben Arous",
        "Gabes",
        "Kairouan",
        "Monastir",
        "Nabul",
        "Sfax",
        "Sousse",
        "Tunis"
    ],
    "United Arab Emirates": [
        "Abu Dhabi",
        "Ajman",
        "Al Ain",
        "Dubai",
        "Fujairah",
        "Ras Al-khaimah",
        "Sharjah"
    ],
    "Kenya": [
        "Eldoret",
        "Kericho",
        "Kisumu",
        "Meru",
        "Mombasa",
        "Nairobi",
        "Nakuru",
        "Thika"
    ],
    "French Polynesia": [
        "Papeete"
    ],
    "Brunei": [
        "Bandar Seri Begawan",
        "Kuala Belait"
    ],
    "Djibouti": [
        "Djibouti"
    ],
    "Lebanon": [
        "Bayrut",
        "Beirut",
        "Bourj Hammoud",
        "Juniyah",
        "Tripoli"
    ],
    "Azerbaijan": [
        "Baku",
        "Sumgayit"
    ],
    "Cuba": [
        "Havana",
        "Santiago De Cuba"
    ],
    "Czech Republic": [
        "Brno",
        "Ceske Budejovice",
        "Havirov",
        "Hradec Kralove",
        "Jablonec Nad Nisou",
        "Jihlava",
        "Karlovy Vary",
        "Kladno",
        "Lanskroun",
        "Liberec",
        "Most",
        "Novy Jicin",
        "Nymburk",
        "Olomouc",
        "Opava",
        "Ostrava",
        "Otrokovice",
        "Pardubice",
        "Plzen",
        "Prague",
        "Prerov",
        "Roznov pod Radhostem",
        "Uherske Hradiste",
        "Usti nad Labem",
        "Zlin"
    ],
    "Mauritania": [
        "Nouakchott"
    ],
    "Saint Lucia": [
        "Castries",
        "Gros Islet"
    ],
    "Guernsey": [
        "Saint Peter Port",
        "St Peter Port"
    ],
    "Israel": [
        "Afula",
        "Arad",
        "Ariel",
        "Ashdod",
        "Ashqelon",
        "Bat Yam",
        "Beersheba",
        "Bet Shemesh",
        "Bethlehem",
        "Giv'atayim",
        "Hadera",
        "Haifa",
        "Herzliya",
        "Hod Hasharon",
        "Holon",
        "Jerusalem",
        "Karmiel",
        "Kefar Sava",
        "Kiryat Bialik",
        "Kiryat Motzkin",
        "Modiin",
        "Nahariyya",
        "Nazareth",
        "Netanya",
        "Petah Tikva",
        "Raanana",
        "Ramat Gan",
        "Ramat Hasharon",
        "Ramla",
        "Rehovot",
        "Rishon Leziyyon",
        "Tel Aviv-yafo",
        "Yokneam Illit",
        "Zikhron Ya'akov"
    ],
    "Australia": [
        "Adelaide",
        "Albany",
        "Albury",
        "Alice Springs",
        "Ballarat",
        "Bega NSW",
        "Bendigo",
        "Blacktown",
        "Bowral",
        "Brisbane",
        "Broome, WA",
        "Buderim",
        "Bunbury",
        "Burnie",
        "Cairns",
        "Canberra",
        "Casino, NSW",
        "Coffs Harbour",
        "Darwin",
        "Devonport",
        "Dubbo",
        "Eden NSW",
        "Frankston",
        "Geelong",
        "Geraldton",
        "Gold Coast",
        "Gosford",
        "Hervey Bay",
        "Hobart",
        "Hoppers Crossing",
        "Kalgoorlie",
        "Karratha",
        "Lake Macquarie",
        "Launceston",
        "Mackay",
        "Mandurah",
        "Melbourne",
        "Mildura",
        "Newcastle",
        "Nowra NSW",
        "Orange, NSW",
        "Parramatta",
        "Perth",
        "Port Macquarie",
        "Rockhampton",
        "Sunshine Coast",
        "Sydney",
        "Tasmania",
        "Toowoomba",
        "Townsville",
        "Wangaratta",
        "Wodonga",
        "Wollongong"
    ],
    "Tajikistan": [
        "Dushanbe"
    ],
    "Myanmar": [
        "Mandalay",
        "Rangoon",
        "Yangon"
    ],
    "Cameroon": [
        "Bamenda",
        "Douala",
        "Yaounde"
    ],
    "Gibraltar": [
        "Gibraltar"
    ],
    "Cyprus": [
        "Ayia Napa",
        "Famagusta",
        "Kyrenia (Girne)",
        "Larnaca",
        "Limassol",
        "Nicosia",
        "Paphos",
        "Protaras"
    ],
    "Northern Mariana Islands": [
        "Saipan"
    ],
    "Malaysia": [
        "Alor Setar",
        "Bangi",
        "Bayan Lepas",
        "Bintulu",
        "Butterworth",
        "Cyberjaya, Selangor",
        "George Town",
        "Ipoh",
        "Johor Bahru",
        "Kepong",
        "Klang",
        "Kota Damansara",
        "Kota Kinabalu",
        "Kuala Lumpur",
        "Kuala Terengganu",
        "Kuantan",
        "Kuching",
        "Labuan",
        "Lumut, Perak",
        "Malacca",
        "Melaka",
        "Miri",
        "Muar",
        "Penang",
        "Petaling Jaya",
        "Putrajaya",
        "Sandakan, Sabah",
        "Selangor",
        "Serdang",
        "Seremban",
        "Shah Alam",
        "Subang Jaya",
        "Sungai Petani",
        "Taiping",
        "Tawau"
    ],
    "Iceland": [
        "Akureyri",
        "Hafnarfjorour",
        "Keflavik",
        "Reykjavik"
    ],
    "Oman": [
        "Madinat As Sultan Qaboos",
        "Muscat",
        "Nizwa",
        "Salalah",
        "Sohar",
        "Sur"
    ],
    "Bosnia And Herzegovina": [
        "Banja Luka",
        "Bihac",
        "Bijeljina",
        "Doboj",
        "Mostar",
        "Pale",
        "Sarajevo",
        "Trebinje",
        "Tuzla",
        "Zenica"
    ],
    "Armenia": [
        "Yerevan"
    ],
    "Gabon": [
        "Libreville"
    ],
    "Luxembourg": [
        "Esch-sur-alzette",
        "Luxembourg",
        "Strassen"
    ],
    "Brazil": [
        "Aracaju",
        "Balneario Camboriu",
        "Barueri",
        "Bauru",
        "Belem",
        "Belo Horizonte",
        "Blumenau - Santa Catarina",
        "Brasilia",
        "Campinas",
        "Campo Grande",
        "Caxias Do Sul",
        "Contagem",
        "Cuiaba",
        "Curitiba",
        "Florianopolis",
        "Fortaleza",
        "Goiania",
        "Guarulhos",
        "Indaiatuba",
        "Jaragua do Sul",
        "Joao Pessoa",
        "Joinville",
        "Juiz De Fora",
        "Jundiai",
        "Londrina",
        "Maceio - Alagoas",
        "Manaus",
        "Maringa",
        "Natal",
        "Niteroi",
        "Pelotas",
        "Petropolis",
        "Porto Alegre",
        "Recife",
        "Ribeirao Preto",
        "Rio De Janeiro",
        "Salvador",
        "Santa Maria",
        "Santo Andre",
        "Santos",
        "Sao Bernardo do Campo",
        "Sao Carlos",
        "Sao Jose do Rio Preto SP",
        "Sao Jose dos Campos",
        "Sao Luis",
        "Sao Paulo",
        "Sorocaba",
        "Teresina",
        "Uberlandia",
        "Vila Velha",
        "Vitoria"
    ],
    "Algeria": [
        "Algiers",
        "Annaba",
        "Batna",
        "Bejaia",
        "Blida",
        "Bouira",
        "Constantine",
        "Jijel",
        "Medea",
        "Oran",
        "Setif",
        "Tizi-ouzou"
    ],
    "Jersey": [
        "Saint Helier"
    ],
    "Slovenia": [
        "Bled",
        "Celje",
        "Izola",
        "Koper",
        "Kranj",
        "Ljubljana",
        "Maribor",
        "Nova Gorica",
        "Novo Mesto",
        "Ravne na Koroškem",
        "Sezana"
    ],
    "Colombia": [
        "Armenia",
        "Barranquilla",
        "Bogota",
        "Bucaramanga",
        "Cali",
        "Cartagena",
        "Cucuta",
        "Ibague",
        "Manizales",
        "Medellin",
        "Neiva",
        "Pereira",
        "Popayan",
        "Santa Marta",
        "Villavicencio"
    ],
    "Ecuador": [
        "Ambato",
        "Bahia de Caraquez",
        "Cotacachi",
        "Cuenca",
        "Guayaquil",
        "Ibarra",
        "Loja",
        "Machala",
        "Manta",
        "Quito",
        "Riobamba",
        "Salinas"
    ],
    "Moldova": [
        "Balti",
        "Chisinau",
        "Tiraspol"
    ],
    "Vanuatu": [
        "Port Vila"
    ],
    "Honduras": [
        "La Ceiba",
        "Roatan",
        "San Pedro Sula",
        "Tegucigalpa"
    ],
    "Italy": [
        "Agrigento",
        "Alessandria",
        "Alghero",
        "Ancona",
        "Anzio (Rome)",
        "Arezzo",
        "Ascoli Piceno",
        "Avellino",
        "Aversa",
        "Avezzano",
        "Bari",
        "Barletta",
        "Belluno",
        "Benevento",
        "Bergamo",
        "Biella",
        "Bologna",
        "Bolzano-Bozen",
        "Brescia",
        "Brindisi",
        "Cagliari",
        "Cantù",
        "Caserta",
        "Catania",
        "Catanzaro",
        "Cesena",
        "Chieti",
        "Como",
        "Cosenza",
        "Cuneo",
        "Fano",
        "Ferrara",
        "Fidenza",
        "Florence",
        "Foggia",
        "Forli'",
        "Frascati",
        "Frosinone",
        "Gela",
        "Genoa",
        "Iglesias",
        "L'Aquila",
        "La Spezia",
        "Latina",
        "Lecce",
        "Lecco",
        "Livorno",
        "Lodi",
        "Lucca",
        "Macerata",
        "Mantova",
        "Matera",
        "Messina",
        "Milan",
        "Modena",
        "Monza",
        "Naples",
        "Novara",
        "Noventa di Piave",
        "Olbia",
        "Padova",
        "Palermo",
        "Parma",
        "Pavia",
        "Perugia",
        "Pescara",
        "Piacenza",
        "Pisa",
        "Pordenone",
        "Ragusa",
        "Ravenna",
        "Reggio Di Calabria",
        "Reggio Nell'emilia",
        "Rieti",
        "Rimini",
        "Rome",
        "Salerno",
        "Sassari",
        "Sassuolo",
        "Savona",
        "Siena",
        "Siracusa",
        "Taranto",
        "Teramo",
        "Terni",
        "Trani",
        "Trento",
        "Treviso",
        "Trieste",
        "Turin",
        "Udine",
        "Varazze",
        "Varese",
        "Venice",
        "Vercelli",
        "Verona",
        "Viareggio",
        "Vicenza",
        "Viterbo"
    ],
    "Haiti": [
        "Port Au Prince"
    ],
    "Afghanistan": [
        "Kabul",
        "Mazar-e-sharif"
    ],
    "Burundi": [
        "Bujumbura"
    ],
    "Singapore": [
        "Singapore"
    ],
    "Russia": [
        "Arkhangelsk",
        "Astrakhan",
        "Barnaul",
        "Belgorod",
        "Chelyabinsk",
        "Irkutsk",
        "Izhevsk",
        "Kaliningrad",
        "Kazan",
        "Kirov",
        "Kostroma",
        "Krasnodar",
        "Krasnoyarsk",
        "Kursk",
        "Lipetsk",
        "Moscow",
        "Nizhniy Novgorod",
        "Novokuznetsk",
        "Novorossiysk",
        "Novosibirsk",
        "Omsk",
        "Perm",
        "Pskov",
        "Rostov-na-donu",
        "Ryazan",
        "Saint Petersburg",
        "Samara",
        "Saratov",
        "Sevastopol",
        "Simferopol",
        "Smolensk",
        "Sochi",
        "Stavropol",
        "Tolyatti (Togliatti)",
        "Tomsk",
        "Tula",
        "Tyumen",
        "Ufa",
        "Ulyanovsk",
        "Vladivostok",
        "Volgograd",
        "Voronezh",
        "Yakutsk",
        "Yaroslavl",
        "Yekaterinburg",
        "Yuzhno-Sakhalinsk"
    ],
    "Netherlands": [
        "'s-Hertogenbosch",
        "Alkmaar",
        "Almere",
        "Amersfoort",
        "Amstelveen",
        "Amsterdam",
        "Apeldoorn",
        "Arnhem",
        "Breda",
        "Delft",
        "Deventer",
        "Dordrecht",
        "Ede",
        "Eindhoven",
        "Enschede",
        "Goes",
        "Groningen",
        "Haarlem",
        "Hilversum",
        "Leeuwarden",
        "Leiden",
        "Maastricht",
        "Nijmegen",
        "Roermond",
        "Rotterdam",
        "The Hague (Den Haag)",
        "Tilburg",
        "Utrecht",
        "Veenendaal",
        "Venlo",
        "Zwolle"
    ],
    "China": [
        "Beijing",
        "Changchun",
        "Changsha",
        "Chengdu",
        "Chongqing",
        "Dalian",
        "Dongguan",
        "Foshan",
        "Fuzhou",
        "Guangzhou",
        "Haikou",
        "Hangzhou",
        "Harbin",
        "Jiaxing",
        "Jinan",
        "Kunming, Yunnan",
        "Mianyang, Sichuan",
        "Nanchang",
        "Nanjing",
        "Nanning",
        "Nantong",
        "Ningbo",
        "Qingdao, Shandong",
        "Shanghai",
        "Shenyang",
        "Shenzhen",
        "Suzhou",
        "Taiyuan",
        "Tianjin",
        "Urumqi",
        "Wenzhou",
        "Wuhan",
        "Wuxi",
        "Xi'an",
        "Xiamen",
        "Yantai",
        "Zhengzhou",
        "Zhongshan",
        "Zhuhai"
    ],
    "Sint Maarten": [
        "Philipsburg"
    ],
    "Kyrgyzstan": [
        "Bishkek"
    ],
    "Reunion": [
        "Saint-denis"
    ],
    "Bhutan": [
        "Thimphu"
    ],
    "Romania": [
        "Alba Iulia",
        "Arad",
        "Bacau",
        "Baia Mare",
        "Barlad",
        "Bistrita",
        "Botosani",
        "Braila",
        "Brasov",
        "Bucharest",
        "Buzau",
        "Calarasi",
        "Campina",
        "Cluj-napoca",
        "Constanta",
        "Craiova",
        "Cugir",
        "Deva",
        "Focsani",
        "Galati",
        "Giurgiu",
        "Iasi",
        "Iernut",
        "Miercurea Ciuc",
        "Onesti",
        "Oradea",
        "Piatra Neamt",
        "Pitesti",
        "Ploiesti",
        "Ramnicu Valcea",
        "Roman",
        "Satu Mare",
        "Sfantu Gheorghe",
        "Sibiu",
        "Suceava",
        "Targoviste",
        "Targu Jiu (Tirgu Jiu)",
        "Targu Mures",
        "Timisoara",
        "Tulcea",
        "Vaslui",
        "Zalau"
    ],
    "Togo": [
        "Lome"
    ],
    "Philippines": [
        "Alabang",
        "Angeles",
        "Antipolo",
        "Bacolod",
        "Baguio",
        "Batangas",
        "Bohol",
        "Butuan",
        "Cabanatuan",
        "Cagayan de Oro City",
        "Calamba",
        "Caloocan",
        "Cavite",
        "Cebu",
        "Davao",
        "Dumaguete",
        "General Santos",
        "Iloilo",
        "Las Pinas",
        "Lucena",
        "Makati",
        "Mandaluyong",
        "Mandaue",
        "Manila",
        "Marikina",
        "Muntinlupa",
        "Naga",
        "Olongapo",
        "Pampanga",
        "Paranaque City",
        "Pasay",
        "Pasig",
        "Puerto Galera",
        "Puerto Princesa",
        "Quezon City",
        "San Fernando, La Union",
        "Santa Rosa",
        "Subic Bay Freeport Zone",
        "Surigao",
        "Tacloban",
        "Taguig City",
        "Tarlac City",
        "Valenzuela",
        "Zamboanga"
    ],
    "Uzbekistan": [
        "Tashkent",
        "Taskent"
    ],
    "British Virgin Islands": [
        "Road Town"
    ],
    "Zimbabwe": [
        "Bulawayo",
        "Harare",
        "Masvingo"
    ],
    "Montenegro": [
        "Bar",
        "Budva",
        "Herceg Novi",
        "Kotor",
        "Niksic",
        "Podgorica",
        "Tivat"
    ],
    "Dominica": [
        "Roseau"
    ],
    "Indonesia": [
        "Bali",
        "Balikpapan",
        "Bandung",
        "Banjarmasin",
        "Batam",
        "Bekasi",
        "Bogor",
        "Denpasar",
        "Depok",
        "Indonesia",
        "Jakarta",
        "Makassar",
        "Malang",
        "Manado",
        "Mataram",
        "Medan",
        "Palembang",
        "Pekanbaru",
        "Pontianak",
        "Semarang",
        "Surabaya",
        "Surakarta",
        "Tangerang",
        "Yogyakarta"
    ],
    "Angola": [
        "Luanda"
    ],
    "Sudan": [
        "Khartoum"
    ],
    "Portugal": [
        "Albufeira",
        "Algarve",
        "Almada",
        "Amadora",
        "Aveiro",
        "Barcelos",
        "Barreiro",
        "Braga",
        "Braganca",
        "Cascais",
        "Chaves",
        "Coimbra",
        "Covilha",
        "Evora",
        "Faro",
        "Funchal",
        "Guimaraes",
        "Horta",
        "Lagos",
        "Leiria",
        "Lisbon",
        "Maia",
        "Matosinhos",
        "Odivelas",
        "Oeiras",
        "Ponta Delgada",
        "Portimao",
        "Porto",
        "Santarem",
        "Setubal",
        "Tavira",
        "Torres Vedras",
        "Viana do Castelo",
        "Vila Franca de Xira",
        "Vila Nova De Gaia",
        "Vila Real",
        "Viseu"
    ],
    "New Caledonia": [
        "Noumea"
    ],
    "Grenada": [
        "Saint George's"
    ],
    "Cayman Islands": [
        "George Town",
        "Georgetown"
    ],
    "Greece": [
        "Agrinio",
        "Alexandroupolis",
        "Argyroupoli",
        "Athens",
        "Ayia Paraskevi",
        "Chalandri (Halandri)",
        "Chania",
        "Corfu",
        "Crete",
        "Drama",
        "Florina",
        "Heraklion",
        "Ioannina",
        "Kalamata",
        "Katerini",
        "Kavala",
        "Kefalonia",
        "Komotini",
        "Kos",
        "Kozani",
        "Larissa",
        "Mykonos (Mikonos)",
        "Mytilene",
        "Nafplion",
        "Naxos",
        "Palaio Faliro, Athens",
        "Patras",
        "Peristeri",
        "Piraeus (Pireas)",
        "Pyrgos",
        "Rethymno",
        "Rhodes",
        "Santorini",
        "Serrai",
        "Sparta",
        "Thessaloniki",
        "Trikala",
        "Veria",
        "Volos",
        "Xanthi",
        "Zakynthos"
    ],
    "Latvia": [
        "Daugavpils",
        "Jelgava",
        "Liepaja",
        "Riga"
    ],
    "Mongolia": [
        "Ulaanbaatar"
    ],
    "Iran": [
        "Ahwaz",
        "Esfahan",
        "Hamadan",
        "Karaj",
        "Kerman",
        "Kish",
        "Mashhad",
        "Qazvin",
        "Qom",
        "Rasht",
        "Sari",
        "Shiraz",
        "Tabriz",
        "Tehran"
    ],
    "Morocco": [
        "Agadir",
        "Casablanca",
        "El Jadida",
        "Fez",
        "Kenitra",
        "Marrakech",
        "Rabat",
        "Settat",
        "Tangier",
        "Tetouan"
    ],
    "Guatemala": [
        "Antigua Guatemala",
        "Guatemala City",
        "Quetzaltenango"
    ],
    "Guyana": [
        "Georgetown"
    ],
    "Iraq": [
        "As Sulaymaniyah",
        "Baghdad",
        "Basra",
        "Duhok",
        "Irbil",
        "Kirkuk"
    ],
    "Chile": [
        "Antofagasta",
        "Arica",
        "Concepcion",
        "Iquique",
        "La Serena",
        "Osorno",
        "Puerto Montt",
        "Punta Arenas",
        "Santiago",
        "Temuco",
        "Valdivia",
        "Valparaiso",
        "Vina Del Mar"
    ],
    "Nepal": [
        "Banepa",
        "Biratnagar",
        "Butwal",
        "Dhangadhi",
        "Kathmandu",
        "Lalitpur",
        "Pokhara"
    ],
    "Tanzania": [
        "Arusha",
        "Dar Es Salaam",
        "Dodoma",
        "Mwanza"
    ],
    "Ukraine": [
        "Cherkasy",
        "Chernihiv",
        "Chernivtsi",
        "Dnipropetrovsk",
        "Donetsk",
        "Ivano-Frankivsk",
        "Kharkiv",
        "Kherson",
        "Kiev",
        "Kirovohrad",
        "Kremenchuk",
        "Kryvyy Rih",
        "Lviv",
        "Mykolayiv",
        "Odesa",
        "Poltava",
        "Rivne",
        "Sumy",
        "Ternopil",
        "Uzhhorod",
        "Vinnytsya",
        "Zaporizhzhya",
        "Zhytomyr"
    ],
    "Ghana": [
        "Accra",
        "Cape Coast",
        "Kumasi",
        "Takoradi"
    ],
    "Saint Vincent And The Grenadines": [
        "Kingstown"
    ],
    "India": [
        "Agartala",
        "Agra",
        "Ahmedabad",
        "Ajmer",
        "Allahabad",
        "Amravati",
        "Amritsar",
        "Anand",
        "Anantapur",
        "Asansol",
        "Aurangabad",
        "Balasore",
        "Banga",
        "Bangalore",
        "Bathinda",
        "Begusarai",
        "Belgaum",
        "Berhampur",
        "Bhagalpur",
        "Bharuch, Gujarat",
        "Bhavnagar",
        "Bhilai",
        "Bhiwadi",
        "Bhopal",
        "Bhubaneswar",
        "Bikaner",
        "Bilaspur",
        "Bokaro",
        "Chandigarh",
        "Chennai",
        "Cherthala",
        "Chittoor",
        "Coimbatore",
        "Dehradun",
        "Delhi",
        "Dibrugarh",
        "Eluru",
        "Ernakulam",
        "Erode",
        "Faridabad",
        "Gandhinagar",
        "Ghaziabad",
        "Goa",
        "Gorakhpur",
        "Gujarat",
        "Gulbarga",
        "Guntur",
        "Gurgaon",
        "Guwahati",
        "Gwalior",
        "Hisar",
        "Hosur",
        "Hubli",
        "Hyderabad",
        "Imphal",
        "Indore",
        "Jabalpur",
        "Jaipur",
        "Jalandhar",
        "Jalgaon",
        "Jammu",
        "Jamnagar",
        "Jamshedpur",
        "Jhansi",
        "Jodhpur",
        "Kalyan",
        "Kannur",
        "Kanpur",
        "Kharagpur",
        "Kochi",
        "Kolhapur",
        "Kolkata",
        "Kollam",
        "Kota",
        "Kottayam",
        "Kozhikode (Calicut)",
        "Latur",
        "Lucknow (Lakhnau)",
        "Ludhiana",
        "Madras",
        "Madurai",
        "Mangalore",
        "Meerut",
        "Mumbai",
        "Muzaffarpur",
        "Mysore",
        "Nagercoil, Tamil Nadu",
        "Nagpur",
        "Nanded",
        "Nasik",
        "Navi Mumbai",
        "Nellore",
        "Nizamabad (Bodhan)",
        "Noida",
        "Palakkad",
        "Panaji",
        "Panipat",
        "Panvel",
        "Patiala",
        "Patna",
        "Pondicherry",
        "Pune",
        "Raipur",
        "Rajkot",
        "Ranchi",
        "Rayagada",
        "Salem",
        "Sambalpur",
        "Sangli",
        "Satara",
        "Shimla",
        "Siliguri",
        "Solapur",
        "Srinagar",
        "Surat",
        "Tenali",
        "Thane",
        "Thiruvananthapuram",
        "Thrissur",
        "Tiruchirapalli (Trichy)",
        "Tirunelveli, Tamil Nadu",
        "Tirupati",
        "Tirupur",
        "Tiruvannamalai",
        "Tumkur",
        "Udaipur",
        "Ujjain",
        "Ulhasnagar",
        "Vadodara",
        "Vapi",
        "Varanasi",
        "Vellore",
        "Vijayawada",
        "Visakhapatnam",
        "Warangal",
        "Yamuna Nagar"
    ],
    "Canada": [
        "St. John's"
    ],
    "Maldives": [
        "Male"
    ],
    "Turkey": [
        "Adana",
        "Adapazari",
        "Afyon",
        "Alanya",
        "Ankara",
        "Antalya",
        "Aydin",
        "Balikesir",
        "Bodrum",
        "Bursa",
        "Canakkale",
        "Denizli",
        "Didim",
        "Edirne",
        "Eskisehir",
        "Fethiye",
        "Gaziantep",
        "Giresun",
        "Iskenderun",
        "Istanbul",
        "Izmir",
        "Kahramanmaras",
        "Kayseri",
        "Kocaeli",
        "Konya",
        "Mersin",
        "Samsun",
        "Tekirdag",
        "Yalova"
    ],
    "Belgium": [
        "Aalst",
        "Antwerp",
        "Brugge",
        "Brussels",
        "Charleroi",
        "Genk",
        "Gent",
        "Hamont-Achel",
        "Hasselt",
        "Kortrijk",
        "Leuven",
        "Liege",
        "Mechelen",
        "Mons",
        "Namur",
        "Vilvoorde",
        "Waregem"
    ],
    "Taiwan": [
        "HsinChu",
        "Jhongli City",
        "Kaohsiung",
        "Keelung",
        "New Taipei City",
        "Taichung",
        "Tainan",
        "Taipei",
        "Taoyuan"
    ],
    "South Africa": [
        "Alberton",
        "Ballito",
        "Benoni",
        "Bloemfontein",
        "Boksburg",
        "Cape Town",
        "Durban",
        "East London",
        "George",
        "Grahamstown",
        "Heidelberg, GP",
        "Johannesburg",
        "Kimberley",
        "Knysna",
        "Krugersdorp",
        "Midrand",
        "Nelspruit",
        "Newcastle",
        "Pietermaritzburg",
        "Port Elizabeth",
        "Port Shepstone",
        "Potchefstroom",
        "Pretoria",
        "Randburg",
        "Richards Bay",
        "Rustenburg",
        "Sandton",
        "Secunda",
        "Somerset West",
        "Springs",
        "Stellenbosch",
        "Upington",
        "Vanderbijlpark",
        "Welkom"
    ],
    "Bermuda": [
        "Hamilton",
        "Southampton"
    ],
    "Aland Islands": [
        "Mariehamn"
    ],
    "Jamaica": [
        "Half Way Tree",
        "Kingston",
        "Mandeville",
        "Montego Bay",
        "Negril",
        "Ocho Rios",
        "Portmore"
    ],
    "Peru": [
        "Arequipa",
        "Cusco",
        "Lima",
        "Tacna",
        "Trujillo"
    ],
    "Turkmenistan": [
        "Ashgabat"
    ],
    "Germany": [
        "Aachen",
        "Aschaffenburg",
        "Augsburg",
        "Baden Wurttemburg",
        "Bamberg",
        "Bayreuth",
        "Berlin",
        "Bielefeld",
        "Bochum",
        "Bonn",
        "Braunschweig",
        "Bremen",
        "Chemnitz",
        "Coburg",
        "Cologne",
        "Darmstadt",
        "Dortmund",
        "Dresden",
        "Duisburg",
        "Dusseldorf",
        "Erfurt",
        "Erlangen",
        "Essen",
        "Frankfurt",
        "Frankfurt (Oder)",
        "Freiburg",
        "Freiburg Im Breisgau",
        "Fulda",
        "Giessen",
        "Gottingen",
        "Halle",
        "Hamburg",
        "Hanover",
        "Heidelberg",
        "Heilbronn",
        "Ingolstadt",
        "Kaiserslautern",
        "Karlsruhe",
        "Kassel",
        "Kiel",
        "Koblenz",
        "Konstanz",
        "Krefeld",
        "Leipzig",
        "Lübeck",
        "Magdeburg",
        "Mainz",
        "Mannheim",
        "Marburg",
        "Moenchengladbach",
        "Munich",
        "Munster",
        "Nuremberg",
        "Offenbach Am Main",
        "Oldenburg",
        "Osnabruck",
        "Paderborn",
        "Pforzheim",
        "Potsdam",
        "Regensburg",
        "Rostock",
        "Saarbrucken",
        "Siegen",
        "Stuttgart",
        "Trier",
        "Tubingen",
        "Ulm",
        "Wiesbaden",
        "Wolfsburg",
        "Wuerzburg",
        "Wuppertal"
    ],
    "Fiji": [
        "Fiji",
        "Lautoka",
        "Nadi",
        "Suva"
    ],
    "Hong Kong": [
        "Hong Kong"
    ],
    "United States": [
        "Aberdeen, SD",
        "Aberdeen, WA",
        "Abilene, TX",
        "Abingdon, MD",
        "Adrian, MI",
        "Akron, OH",
        "Albany, GA",
        "Albany, NY",
        "Albany, OR",
        "Albert Lea, MN",
        "Albuquerque, NM",
        "Alexandria, MN",
        "Alexandria, VA",
        "Allen, TX",
        "Allentown, PA",
        "Alpena, MI",
        "Alpharetta, GA",
        "Alton, IL",
        "Amarillo, TX",
        "Ames, IA",
        "Amherst, MA",
        "Anaheim, CA",
        "Anchorage, AK",
        "Anderson, SC",
        "Ann Arbor, MI",
        "Annapolis, MD",
        "Apple Valley, CA",
        "Appleton, WI",
        "Arlington, TX",
        "Arlington, VA",
        "Asheville, NC",
        "Ashland, WI",
        "Aspen, CO",
        "Astoria, NY",
        "Astoria, OR",
        "Athens, GA",
        "Athens, OH",
        "Atlanta, GA",
        "Atlantic City, NJ",
        "Auburn, AL",
        "Augusta, GA",
        "Augusta, ME",
        "Aurora, IL",
        "Austin, TX",
        "Avon, CO",
        "Bakersfield, CA",
        "Baltimore, MD",
        "Baton Rouge, LA",
        "Battle Creek, MI",
        "Bayonne, NJ",
        "Beaumont, TX",
        "Beaverton, OR",
        "Beckley, WV",
        "Bedminster Township, NJ",
        "Belleville, IL",
        "Bellevue, WA",
        "Bellingham, WA",
        "Bend, OR",
        "Bentonville, AR",
        "Bergen County, NJ",
        "Berkeley, CA",
        "Bethlehem, PA",
        "Billings, MT",
        "Biloxi, MS",
        "Binghamton, NY",
        "Birmingham, AL",
        "Bismarck, ND",
        "Blacksburg, VA",
        "Bloomington, IL",
        "Bloomington, IN",
        "Boca Raton, FL",
        "Boise, ID",
        "Bolingbrook, IL",
        "Boston, MA",
        "Boulder, CO",
        "Bowling Green, KY",
        "Bowling Green, OH",
        "Bozeman, MT",
        "Bradenton, FL",
        "Breckenridge, CO",
        "Bremerton, WA",
        "Bronx, NY",
        "Brookhaven, NY",
        "Brooklyn, NY",
        "Brownsville, TX",
        "Brunswick, GA",
        "Brunswick, ME",
        "Buffalo, NY",
        "Buford, GA",
        "Burlington, IA",
        "Burlington, VT",
        "Butte, MT",
        "Cabot, AR",
        "Cambridge, MA",
        "Canton, OH",
        "Cape Girardeau, MO",
        "Carbondale, IL",
        "Carlsbad, CA",
        "Carson City, NV",
        "Casper, WY",
        "Cedar Rapids, IA",
        "Centreville, VA",
        "Champaign, IL",
        "Chandler, AZ",
        "Chapel Hill, NC",
        "Charleston, SC",
        "Charleston, WV",
        "Charlotte, NC",
        "Charlottesville, VA",
        "Chattanooga, TN",
        "Cherry Hill, NJ",
        "Chesapeake, VA",
        "Chesterfield, MI",
        "Cheyenne, WY",
        "Chicago, IL",
        "Chico, CA",
        "Christiansburg, VA",
        "Cincinnati, OH",
        "Clarksville, TN",
        "Clearwater, FL",
        "Cleveland, OH",
        "Clifton, NJ",
        "Coeur d'Alene, ID",
        "College Park, MD",
        "College Station, TX",
        "Colorado Springs, CO",
        "Columbia, MD",
        "Columbia, MO",
        "Columbia, SC",
        "Columbus, GA",
        "Columbus, IN",
        "Columbus, OH",
        "Concord, CA",
        "Concord, NC",
        "Concord, NH",
        "Conroe, TX",
        "Cookeville, TN",
        "Corpus Christi, TX",
        "Costa Mesa, CA",
        "Crestview, FL",
        "Crystal Lake, IL",
        "Cutler Bay, FL",
        "Dallas, TX",
        "Danbury, CT",
        "Danville, CA",
        "Davenport, IA",
        "Davis, CA",
        "Dayton, OH",
        "Daytona Beach, FL",
        "DeLand, FL",
        "Decatur, IL",
        "Deerfield Beach, FL",
        "Deltona, FL",
        "Denton, TX",
        "Denver, CO",
        "Des Moines, IA",
        "Des Plaines, IL",
        "Detroit, MI",
        "Dickinson, ND",
        "Dothan, AL",
        "Dover, DE",
        "Doylestown, PA",
        "Dublin, OH",
        "Duluth, GA",
        "Duluth, MN",
        "Durango, CO",
        "Durham, NC",
        "East Lansing, MI",
        "East Providence, RI",
        "Eau Claire, WI",
        "Eden Prairie, MN",
        "Edison, NJ",
        "El Centro, CA",
        "El Paso, TX",
        "Erie, PA",
        "Eugene, OR",
        "Eureka, CA",
        "Evansville, IN",
        "Everett, WA",
        "Fairbanks, AK",
        "Fairfax, VA",
        "Fairfield, CA",
        "Fairfield, CT",
        "Fairmont, WV",
        "Fargo, ND",
        "Farmington Hills, MI",
        "Farmington, MO",
        "Farmington, NM",
        "Fayetteville, AR",
        "Fayetteville, NC",
        "Flagstaff, AZ",
        "Flanders, NJ",
        "Flint, MI",
        "Florence, AL",
        "Fond du Lac, WI",
        "Fontana, CA",
        "Fort Collins, CO",
        "Fort Lauderdale, FL",
        "Fort Myers, FL",
        "Fort Smith, AR",
        "Fort Walton Beach, FL",
        "Fort Wayne, IN",
        "Fort Worth, TX",
        "Frederick, MD",
        "Fredericksburg, VA",
        "Fremont, CA",
        "Fresno, CA",
        "Gadsden, AL",
        "Gainesville, FL",
        "Gainesville, GA",
        "Galveston, TX",
        "Garland, TX",
        "Geneva, IL",
        "Germantown, MD",
        "Gillette, WY",
        "Glendale, CA",
        "Gloucester, MA",
        "Goose Creek, SC",
        "Grand Forks, ND",
        "Grand Junction, CO",
        "Grand Rapids, MI",
        "Grass Valley, CA",
        "Great Falls, MT",
        "Green Bay, WI",
        "Greensboro, NC",
        "Greensburg, PA",
        "Greenville, NC",
        "Greenville, SC",
        "Greenville, TX",
        "Gulfport, MS",
        "Hagerstown, MD",
        "Harlingen, TX",
        "Harrisburg, PA",
        "Harrisonburg va",
        "Hartford, CT",
        "Hattiesburg, MS",
        "Hayward, CA",
        "Hazard, KY",
        "Helena, MT",
        "Hempstead, NY",
        "Henderson, NV",
        "Herndon, VA",
        "Hilo, HI",
        "Hilton Head Island, SC",
        "Hoboken, NJ",
        "Honolulu, HI",
        "Houghton, MI",
        "Houston, MO",
        "Houston, TX",
        "Huntington Beach, CA",
        "Huntington, WV",
        "Huntsville, AL",
        "Hyannis, MA",
        "Idaho Falls, ID",
        "Indianapolis, IN",
        "Iowa City, IA",
        "Irvine, CA",
        "Irving, TX",
        "Islip, NY",
        "Ithaca, NY",
        "Jackson, MS",
        "Jackson, TN",
        "Jackson, WY",
        "Jacksonville, FL",
        "Jacksonville, NC",
        "Jersey City, NJ",
        "Johnson City, TN",
        "Johnstown, PA",
        "Jonesboro, AR",
        "Joplin, MO",
        "Juneau, AK",
        "Kahului, HI",
        "Kalamazoo, MI",
        "Kansas City, MO",
        "Katy, TX",
        "Kearney, NE",
        "Kennewick, WA",
        "Kenosha, WI",
        "Key West, FL",
        "Killeen, TX",
        "Kingsport, TN",
        "Kissimmee, FL",
        "Klamath Falls, OR",
        "Knoxville, TN",
        "La Crosse, WI",
        "La Porte, IN",
        "Lafayette, IN",
        "Lafayette, LA",
        "Lake Charles, LA",
        "Lake Orion, MI",
        "Lakeland, FL",
        "Lancaster, CA",
        "Lancaster, PA",
        "Lansing, MI",
        "Laramie, WY",
        "Laredo, TX",
        "Las Cruces, NM",
        "Las Vegas, NV",
        "Laurel, MD",
        "Lawrence, KS",
        "Lawrenceville, GA",
        "Lawton, OK",
        "Lewisburg, PA",
        "Lexington Park, MD",
        "Lexington, KY",
        "Lima, OH",
        "Lincoln, NE",
        "Lisle, IL",
        "Little Rock, AR",
        "Livermore, CA",
        "Logan, UT",
        "Lompoc, CA",
        "London, KY",
        "Long Beach, CA",
        "Longview, TX",
        "Longview, WA",
        "Los Angeles, CA",
        "Los Gatos, CA",
        "Louisville, KY",
        "Lubbock, TX",
        "Lynchburg, VA",
        "Macon, GA",
        "Madison, WI",
        "Manassas, VA",
        "Manchester, NH",
        "Mandeville, LA",
        "Manhattan, KS",
        "Mansfield, CT",
        "Mansfield, OH",
        "Marietta, GA",
        "Marquette, MI",
        "Martinez, CA",
        "Martinsburg, WV",
        "Massapequa, NY",
        "McAllen, TX",
        "McHenry, IL",
        "McKinney, TX",
        "Medford, OR",
        "Melbourne, FL",
        "Memphis, TN",
        "Mentor, OH",
        "Mesa, AZ",
        "Miami, FL",
        "Middlesex, NJ",
        "Midland, MI",
        "Midland, TX",
        "Milwaukee, WI",
        "Minneapolis, MN",
        "Minot, ND",
        "Missoula, MT",
        "Mobile, AL",
        "Modesto, CA",
        "Moline, IL",
        "Montclair, NJ",
        "Monterey, CA",
        "Montgomery, AL",
        "Morgantown, WV",
        "Morristown, NJ",
        "Moscow, ID",
        "Moses Lake",
        "Mount Vernon, WA",
        "Mountain View, CA",
        "Murfreesboro, TN",
        "Murrieta, CA",
        "Muskegon, MI",
        "Myrtle Beach, SC",
        "Nacogdoches, TX",
        "Napa, CA",
        "Naperville, IL",
        "Naples, FL",
        "Nashua, NH",
        "Nashville, TN",
        "New Bedford, MA",
        "New Bern, NC",
        "New Braunfels, TX",
        "New City, NY",
        "New Haven, CT",
        "New Orleans, LA",
        "New Port Richey, FL",
        "New York, NY",
        "Newark, DE",
        "Newark, NJ",
        "Newport Beach, CA",
        "Newport News, VA",
        "Newport, OR",
        "Newport, RI",
        "Newton, MA",
        "Norfolk, VA",
        "Normal, IL",
        "Norman, OK",
        "North Brunswick, NJ",
        "North East, MD",
        "Northampton, MA",
        "Norwalk, CT",
        "Norwich, CT",
        "O'Fallon, IL",
        "Oakland, CA",
        "Ocala, FL",
        "Oceanside, CA",
        "Ogden, UT",
        "Ojai, CA",
        "Oklahoma City, OK",
        "Olympia, WA",
        "Omaha, NE",
        "Ontario,CA",
        "Orem, UT",
        "Orlando, FL",
        "Oshkosh, WI",
        "Overland Park, KS",
        "Owensboro, KY",
        "Oxnard, CA",
        "Oyster Bay, NY",
        "Paducah, KY",
        "Palm Coast, FL",
        "Palm Springs, CA",
        "Palmdale, CA",
        "Palo Alto, CA",
        "Panama City, FL",
        "Parsippany-Troy Hills, NJ",
        "Pasadena, CA",
        "Paso Robles, CA",
        "Pembroke Pines, FL",
        "Pensacola, FL",
        "Peoria, AZ",
        "Peoria, IL",
        "Philadelphia, PA",
        "Phoenix, AZ",
        "Pierre, SD",
        "Pittsburgh, PA",
        "Pittsfield, MA",
        "Plano, TX",
        "Plattsburgh, NY",
        "Pleasanton, CA",
        "Plymouth, MI",
        "Pocatello, ID",
        "Pomona, CA",
        "Port St Lucie, FL",
        "Portland, ME",
        "Portland, OR",
        "Poughkeepsie, NY",
        "Prescott, AZ",
        "Princeton, NJ",
        "Providence, RI",
        "Pueblo, CO",
        "Pullman, WA",
        "Queen Creek, AZ",
        "Queens, NY",
        "Queensbury, NY",
        "Raleigh, NC",
        "Rancho Cucamonga, CA",
        "Rapid City, SD",
        "Reading, PA",
        "Red Bank, NJ",
        "Redding, CA",
        "Redlands, CA",
        "Redmond, WA",
        "Redondo Beach, CA",
        "Redwood City, CA",
        "Reno, NV",
        "Renton, WA",
        "Reston, VA",
        "Richmond, KY",
        "Richmond, VA",
        "Riverside, CA",
        "Roanoke, VA",
        "Rochester, MI",
        "Rochester, MN",
        "Rochester, NY",
        "Rock Hill, SC",
        "Rockford, IL",
        "Rocklin, CA",
        "Rockville, MD",
        "Rocky Hill, CT",
        "Rogers, AR",
        "Roseburg, OR",
        "Roseville, CA",
        "Royersford, PA",
        "Sacramento, CA",
        "Saginaw, MI",
        "Saint Charles, MO",
        "Saint Cloud, MN",
        "Saint Joseph, MO",
        "Saint Louis, MO",
        "Saint Paul, MN",
        "Saint Petersburg, FL",
        "Salem, OR",
        "Salina, KS",
        "Salisbury, MD",
        "Salt Lake City, UT",
        "San Angelo, TX",
        "San Antonio, TX",
        "San Bernardino, CA",
        "San Diego, CA",
        "San Francisco, CA",
        "San Jose, CA",
        "San Luis Obispo, CA",
        "San Marcos, TX",
        "San Mateo, CA",
        "San Rafael, CA",
        "Santa Ana, CA",
        "Santa Barbara, CA",
        "Santa Clarita, CA",
        "Santa Cruz, CA",
        "Santa Fe, NM",
        "Santa Monica, CA",
        "Santa Rosa, CA",
        "Sarasota, FL",
        "Savannah, GA",
        "Schaumburg, IL",
        "Scottsdale, AZ",
        "Scranton, PA",
        "SeaTac, WA",
        "Seaside, OR",
        "Seattle, WA",
        "Sequim, WA",
        "Sheboygan, WI",
        "Shelby Township, MI",
        "Sheridan, WY",
        "Shreveport, LA",
        "Silver Spring, MD",
        "Simi Valley, CA",
        "Sioux City, IA",
        "Sioux Falls, SD",
        "Smithtown, NY",
        "Somerville, MA",
        "Spartanburg, SC",
        "Spokane, WA",
        "Spring Hill, FL",
        "Springfield, IL",
        "Springfield, MA",
        "Springfield, MO",
        "Springfield, OR",
        "Springfield, VA",
        "Spruce Pine, NC",
        "St. George, UT",
        "Stamford, CT",
        "State College, PA",
        "Statesboro, GA",
        "Stillwater, OK",
        "Stockton, CA",
        "Summerville, SC",
        "Sunnyvale, CA",
        "Syracuse, NY",
        "Tacoma, WA",
        "Tallahassee, FL",
        "Tampa, FL",
        "Taunton, MA",
        "Temecula, CA",
        "Tempe, AZ",
        "Temple, TX",
        "Terre Haute, IN",
        "Texarkana, AR",
        "The Woodlands, TX",
        "Thousand Oaks, CA",
        "Toledo, OH",
        "Topeka, KS",
        "Traverse City, MI",
        "Trenton, NJ",
        "Troy, MI",
        "Troy, NY",
        "Trumbull, CT",
        "Tucson, AZ",
        "Tulsa, OK",
        "Turlock, CA",
        "Tuscaloosa, AL",
        "Tustin, CA",
        "Tyler, TX",
        "Upland, CA",
        "Urbana, IL",
        "Utica, NY",
        "Valdosta, GA",
        "Vallejo, CA",
        "Valparaiso, IN",
        "Vancouver, WA",
        "Venice, FL",
        "Ventura, CA",
        "Vero Beach, FL",
        "Victoria, TX",
        "Victorville, CA",
        "Virginia Beach, VA",
        "Visalia, CA",
        "Waccabuc, NY",
        "Waco, TX",
        "Waikiki, HI",
        "Waipahu, HI",
        "Waldorf, MD",
        "Walla Walla, WA",
        "Walnut Creek, CA",
        "Warner Robins, GA",
        "Warrenton, VA",
        "Washington, DC",
        "Waterbury, CT",
        "Watertown, NY",
        "Waukesha, WI",
        "Wausau, WI",
        "Webster, NY",
        "West Chester, PA",
        "West Hartford, CT",
        "West Hollywood, CA",
        "West New York, NJ",
        "West Palm Beach, FL",
        "Westminster, CA",
        "Wheeling, WV",
        "White Plains, NY",
        "Wichita Falls, TX",
        "Wichita, KS",
        "Wilkes-Barre, PA",
        "Williamsburg, VA",
        "Williamsport, PA",
        "Williston, ND",
        "Wilmington, DE",
        "Wilmington, NC",
        "Winchester, VA",
        "Winston-salem, NC",
        "Woodbridge, NJ",
        "Woodbridge, VA",
        "Woodstock, GA",
        "Wooster, OH",
        "Worcester, MA",
        "Yakima, WA",
        "Yonkers, NY",
        "York, PA",
        "Youngstown, OH",
        "Yuba City, CA",
        "Yucca Valley, CA",
        "Yuma, AZ",
        "Zanesville, OH"
    ],
    "Chad": [
        "N'djamena"
    ],
    "Somalia": [
        "Hargeysa",
        "Mogadishu"
    ],
    "Thailand": [
        "Ao Nang",
        "Bangkok",
        "Buriram",
        "Chiang Mai",
        "Chiang Rai",
        "Chon Buri",
        "Hat Yai",
        "Hua Hin",
        "Khon Kaen",
        "Koh Samui",
        "Krabi",
        "Maha Sarakham",
        "Nakhon Ratchasima",
        "Nakhon Sawan",
        "Nong Khai",
        "Nonthaburi",
        "Pattaya",
        "Phitsanulok",
        "Phuket",
        "Rayong",
        "Sakon Nakhon",
        "Samut Prakan",
        "Si Sa Ket",
        "Surin",
        "Tak",
        "Trang",
        "Udon Thani"
    ],
    "Costa Rica": [
        "Alajuela",
        "Cartago",
        "Curridabat",
        "Escazu",
        "Heredia",
        "Jaco Beach",
        "Perez Zeledon",
        "Puerto Viejo - de Talamanca, Limon",
        "Puntarenas",
        "San Isidro",
        "San Jose",
        "San Ramon",
        "Santa Ana",
        "Tamarindo"
    ],
    "Vietnam": [
        "Buon Ma Thuot",
        "Da Lat",
        "Da Nang",
        "Hanoi",
        "Ho Chi Minh City",
        "Nha Trang",
        "Vung Tau"
    ],
    "Kuwait": [
        "Abraq Khaitan",
        "Abu Halifa",
        "Ahmadi",
        "Al-farwaniyah",
        "As-salimiyah",
        "Hawalli",
        "Janub-as-surrah",
        "Kuwait City",
        "Mahboula",
        "Mangaf",
        "Mishref",
        "Salmiya"
    ],
    "Nigeria": [
        "Abuja",
        "Ibadan",
        "Lagos"
    ],
    "Croatia": [
        "Bjelovar",
        "Cakovec",
        "Dubrovnik",
        "Karlovac",
        "Koprivnica",
        "Kutina",
        "Metkovic",
        "Osijek",
        "Porec",
        "Pula",
        "Rijeka",
        "Sesvete",
        "Sibenik",
        "Sisak",
        "Slavonski Brod",
        "Solin",
        "Split",
        "Varazdin",
        "Velika Gorica",
        "Vinkovci",
        "Vukovar",
        "Zadar",
        "Zagreb",
        "Zapresic",
        "Zupanja",
        "Đakovo"
    ],
    "Cook Islands": [
        "Avarua"
    ],
    "Sri Lanka": [
        "Colombo",
        "Galle",
        "Gampaha",
        "Jaffna",
        "Kandy",
        "Kurunegala",
        "Matara",
        "Negombo",
        "Nuwara Eliya"
    ],
    "Uruguay": [
        "Montevideo",
        "Punta del Este",
        "Salto"
    ],
    "Timor-Leste": [
        "Dili"
    ],
    "United Kingdom": [
        "Aberdeen",
        "Aberystwyth",
        "Andover",
        "Armagh",
        "Ashford",
        "Aylesbury",
        "Bangor",
        "Basildon",
        "Basingstoke",
        "Bath",
        "Bedford",
        "Belfast",
        "Birmingham",
        "Bishops Stortford",
        "Blackburn",
        "Blackpool",
        "Bolton",
        "Bournemouth",
        "Bradford",
        "Bridgend",
        "Brighton",
        "Bristol",
        "Buckingham",
        "Cambridge",
        "Canterbury",
        "Cardiff",
        "Carlisle",
        "Chatham",
        "Chelmsford",
        "Cheltenham",
        "Chester",
        "Colchester",
        "Coventry",
        "Crawley",
        "Croydon",
        "Derby",
        "Doncaster",
        "Dudley",
        "Dundee",
        "Durham",
        "Ealing",
        "Edinburgh",
        "Exeter",
        "Farnborough",
        "Folkestone",
        "Glasgow",
        "Gloucester",
        "Guildford",
        "Harlow",
        "Harrogate",
        "Hastings",
        "High Wycombe",
        "Huddersfield",
        "Hull",
        "Inverness",
        "Ipswich",
        "Isle of Wight",
        "Kingston Upon Hull",
        "Kingston Upon Thames",
        "Lancaster",
        "Leeds",
        "Leicester",
        "Lincoln",
        "Liverpool",
        "Llandudno",
        "London",
        "Londonderry",
        "Luton",
        "Maidstone",
        "Manchester",
        "Middlesbrough",
        "Milton Keynes",
        "Newcastle Upon Tyne",
        "Newport",
        "Northampton",
        "Norwich",
        "Nottingham",
        "Oldham",
        "Oxford",
        "Perth",
        "Peterborough",
        "Plymouth",
        "Portsmouth",
        "Preston",
        "Reading",
        "Royal Leamington Spa",
        "Sheffield",
        "Shrewsbury, Shropshire",
        "Slough",
        "Southampton",
        "Southend-on-sea",
        "St Albans",
        "St. Andrews",
        "Stirling",
        "Stoke-On-Trent",
        "Sunderland",
        "Surrey",
        "Swansea",
        "Swindon",
        "Telford",
        "Truro",
        "Tunbridge Wells",
        "Warrington",
        "Watford",
        "Welwyn Garden City",
        "Westminster",
        "Wigan",
        "Wolverhampton",
        "Worcester",
        "Worthing",
        "York"
    ],
    "Switzerland": [
        "Baden",
        "Basel",
        "Bern",
        "Biel",
        "Chur",
        "Fribourg",
        "Geneva",
        "Lausanne",
        "Locarno",
        "Lucerne",
        "Lugano",
        "Neuchatel",
        "Olten",
        "Schaffhausen",
        "Sion",
        "St. Gallen",
        "Vevey",
        "Winterthur",
        "Zug",
        "Zurich"
    ],
    "Samoa": [
        "Apia"
    ],
    "Spain": [
        "Albacete",
        "Alcala de Henares",
        "Alicante",
        "Almeria",
        "Arrecife",
        "Badajoz",
        "Barcelona",
        "Bilbao",
        "Burgos",
        "Caceres",
        "Cadiz",
        "Calpe",
        "Canary Islands",
        "Cartagena",
        "Castellon De La Plana",
        "Ciudad Real",
        "Cordoba",
        "Corralejo",
        "Corunna",
        "Denia",
        "Elche",
        "Ferrol",
        "Gandia",
        "Gijon",
        "Girona",
        "Granada",
        "Guadalajara",
        "Huelva",
        "Ibiza",
        "Jaen",
        "Jerez de la Frontera",
        "L'hospitalet De Llobregat",
        "La Linea de la Concepcion",
        "Las Palmas",
        "Leon",
        "Lleida",
        "Logrono",
        "Lugo",
        "Madrid",
        "Malaga",
        "Manresa",
        "Marbella",
        "Mazarron",
        "Murcia",
        "Oviedo",
        "Palma De Mallorca",
        "Pamplona",
        "Pontevedra",
        "Puerto Del Rosario",
        "Puerto de la Cruz",
        "Sabadell",
        "Salamanca",
        "San Sebastian",
        "Santa Cruz De Tenerife",
        "Santander",
        "Santiago de Compostela",
        "Segovia",
        "Sevilla",
        "Tarragona",
        "Terrassa",
        "Torrevieja",
        "Valencia",
        "Valladolid",
        "Vigo",
        "Vitoria-gasteiz",
        "Zaragoza (Saragossa)"
    ],
    "Liberia": [
        "Monrovia"
    ],
    "Venezuela": [
        "Caracas",
        "Maracaibo",
        "Valencia"
    ],
    "Burkina Faso": [
        "Ouagadougou"
    ],
    "Swaziland": [
        "Ezulwini",
        "Mbabane"
    ],
    "Turks And Caicos Islands": [
        "Providenciales"
    ],
    "Estonia": [
        "Haapsalu",
        "Keila",
        "Parnu",
        "Rakvere",
        "Tallinn",
        "Tartu",
        "Viljandi",
        "Voru"
    ],
    "Austria": [
        "Bregenz",
        "Dornbirn",
        "Feldkirch",
        "Graz",
        "Innsbruck",
        "Klagenfurt",
        "Linz",
        "Salzburg",
        "Vienna",
        "Villach"
    ],
    "South Korea": [
        "Ansan",
        "Anyang",
        "Busan",
        "Cheonan",
        "Chuncheon",
        "Daegu",
        "Daejeon",
        "Geoje",
        "Gwangju",
        "Gyeonggi",
        "Ilsan",
        "Incheon",
        "Jeju",
        "Jeonju",
        "Pyongtaek",
        "Seongnam",
        "Seoul",
        "Suwon",
        "Ulsan"
    ],
    "Mozambique": [
        "Maputo"
    ],
    "El Salvador": [
        "San Salvador"
    ],
    "Monaco": [
        "Monaco",
        "Monte Carlo"
    ],
    "Guam": [
        "Agana",
        "Dededo",
        "Tamuning",
        "Tumon",
        "Yigo"
    ],
    "Lesotho": [
        "Maseru"
    ],
    "Tonga": [
        "Nuku'alofa"
    ],
    "Kosovo (Disputed Territory)": [
        "Gnjilane",
        "Pristina",
        "Prizren"
    ],
    "Hungary": [
        "Budapest",
        "Debrecen",
        "Dunaföldvár",
        "Eger",
        "Esztergom",
        "Gyor",
        "Hodmezovasarhely (Hódmezővásárhely)",
        "Kaposvár",
        "Kecskemet",
        "Miskolc",
        "Nyiregyhaza",
        "Pecs",
        "Sopron",
        "Szeged",
        "Szekesfehervar",
        "Szolnok",
        "Szombathely",
        "Tatabanya",
        "Veszprem"
    ],
    "South Sudan": [
        "Juba"
    ],
    "Japan": [
        "Chiba",
        "Fukuoka",
        "Gifu",
        "Hiroshima",
        "Kamakura",
        "Kawasaki",
        "Kobe",
        "Kumamoto",
        "Kyoto",
        "Matsudo",
        "Nagasaki",
        "Nagoya",
        "Nara",
        "Niigata",
        "Okinawa",
        "Osaka",
        "Saitama",
        "Sapporo",
        "Sendai",
        "Shizuoka",
        "Tokyo",
        "Yokohama",
        "Yokosuka"
    ],
    "Us Virgin Islands": [
        "Christiansted",
        "St Croix",
        "St John",
        "St Thomas"
    ],
    "Belarus": [
        "Brest",
        "Gomel",
        "Hrodna",
        "Minsk"
    ],
    "Curacao": [
        "Willemstad"
    ],
    "Mauritius": [
        "Beau Bassin",
        "Curepipe",
        "Flic En Flac",
        "Grand Bay",
        "Port Louis",
        "Quatre Bornes",
        "Tamarin",
        "Vacoas"
    ],
    "Albania": [
        "Durres",
        "Elbasan",
        "Fier",
        "Korce",
        "Sarande",
        "Shkoder",
        "Tirana",
        "Vlore"
    ],
    "Trinidad And Tobago": [
        "Arima",
        "Chaguanas",
        "Couva",
        "Port Of Spain",
        "San Fernando",
        "San Juan",
        "Tacarigua",
        "Trinidad"
    ],
    "New Zealand": [
        "Auckland",
        "Blenheim",
        "Christchurch",
        "Dunedin",
        "Gisborne",
        "Hamilton",
        "Invercargill",
        "Lower Hutt",
        "Manukau",
        "Napier",
        "Nelson",
        "New Plymouth",
        "Palmerston North",
        "Queenstown",
        "Rotorua",
        "Tauranga",
        "Timaru",
        "Upper Hutt",
        "Wanganui",
        "Wellington",
        "Whakatane",
        "Whangarei"
    ],
    "Senegal": [
        "Dakar"
    ],
    "Macedonia": [
        "Bitola",
        "Gevgelija",
        "Gostivar",
        "Kicevo",
        "Kumanovo",
        "Ohrid",
        "Prilep",
        "Skopje",
        "Stip",
        "Struga",
        "Strumica",
        "Sveti Nikole",
        "Tetovo",
        "Veles"
    ],
    "Ethiopia": [
        "Addis Ababa"
    ],
    "Egypt": [
        "Alexandria",
        "Cairo",
        "El Mansura",
        "Giza"
    ],
    "Bolivia": [
        "Cochabamba",
        "La Paz",
        "Santa Cruz",
        "Sucre"
    ],
    "Malta": [
        "Birkirkara",
        "Bugibba",
        "Gzira",
        "Hamrun",
        "Malta",
        "Marsascala",
        "Mosta",
        "Msida",
        "San Giljan",
        "San Gwann",
        "San Pawl Il-bahar",
        "Sliema",
        "Valletta"
    ],
    "Saudi Arabia": [
        "Abha",
        "Ad Dammam",
        "Al Hufuf",
        "Al Khobar",
        "Al-khubar",
        "At Ta'if",
        "Buraydah",
        "Dhahran",
        "Jeddah (Jiddah)",
        "Jizan",
        "Jubail",
        "Khafji",
        "Mecca",
        "Medina",
        "Najran",
        "Riyadh",
        "Yanbu' Al Bahr"
    ],
    "Cape Verde": [
        "Mindelo",
        "Praia"
    ],
    "Pakistan": [
        "Abbottabad",
        "Attock",
        "Bahawalpur",
        "Faisalabad",
        "Gujranwala",
        "Gujrat",
        "Haripur",
        "Hyderabad",
        "Islamabad",
        "Jhelum",
        "Karachi",
        "Lahore",
        "Layyah",
        "Multan",
        "Muzaffarabad",
        "Peshawar",
        "Quetta",
        "Rahim Yar Khan",
        "Rawalpindi",
        "Sahiwal",
        "Sargodha",
        "Sheikhupura",
        "Sialkot",
        "Skardu",
        "Wah"
    ],
    "Gambia": [
        "Banjul"
    ],
    "Ireland": [
        "Athlone",
        "Carlow",
        "Claremorris",
        "Cork",
        "Derry",
        "Donegal",
        "Drogheda",
        "Dublin",
        "Dundalk",
        "Ennis",
        "Galway",
        "Kilkenny",
        "Killarney",
        "Letterkenny",
        "Limerick",
        "Maynooth",
        "Mullingar",
        "Navan",
        "Sligo",
        "Tralee",
        "Waterford",
        "Westport",
        "Wexford"
    ],
    "Qatar": [
        "Al Rayyan",
        "Al Wakrah",
        "Doha"
    ],
    "Slovakia": [
        "Banska Bystrica",
        "Bratislava",
        "Kosice",
        "Liptovsky Mikulas",
        "Martin",
        "Nitra",
        "Poprad",
        "Presov",
        "Prievidza",
        "Trencin",
        "Trnava",
        "Zilina",
        "Zvolen"
    ],
    "France": [
        "Acheres",
        "Aix-en-provence",
        "Ajaccio",
        "Amiens",
        "Angers",
        "Annecy",
        "Antibes",
        "Avignon",
        "Besancon",
        "Bordeaux",
        "Boulogne-billancourt",
        "Brest",
        "Caen",
        "Cherbourg",
        "Clermont-Ferrand",
        "Dijon",
        "Grenoble",
        "Guyancourt",
        "La Rochelle",
        "Le Havre",
        "Le Mans",
        "Lille",
        "Limoges",
        "Lorient",
        "Lyon",
        "Marseille",
        "Metz",
        "Montpellier",
        "Mulhouse",
        "Nancy",
        "Nantes",
        "Nice",
        "Nimes",
        "Paris",
        "Pau",
        "Poitiers",
        "Rennes",
        "Rouen",
        "Saint-Etienne",
        "Strasbourg",
        "Toulon",
        "Toulouse",
        "Tours",
        "Troyes",
        "Valence"
    ],
    "Lithuania": [
        "Alytus",
        "Kaunas",
        "Klaipeda",
        "Panevezys",
        "Siauliai",
        "Vilnius"
    ],
    "Serbia": [
        "Belgrade",
        "Cacak",
        "Indjija",
        "Jagodina",
        "Kikinda",
        "Kragujevac",
        "Leskovac",
        "Loznica",
        "Nis",
        "Novi Sad",
        "Pancevo",
        "Pirot",
        "Sabac",
        "Sombor",
        "Sremska Mitrovica",
        "Subotica",
        "Valjevo",
        "Vranje",
        "Vrsac",
        "Zrenjanin"
    ],
    "Rwanda": [
        "Kigali"
    ],
    "Saint Kitts And Nevis": [
        "Basseterre"
    ],
    "Bangladesh": [
        "Chittagong",
        "Dhaka",
        "Khulna",
        "Rajshahi",
        "Sylhet"
    ],
    "Barbados": [
        "Barbados",
        "Bridgetown",
        "Christchurch"
    ],
    "Nicaragua": [
        "Jinotega",
        "Managua",
        "San Juan Del Sur"
    ],
    "Norway": [
        "Alesund",
        "Arendal",
        "Baerum",
        "Bergen",
        "Bodo",
        "Drammen",
        "Egersund",
        "Fredrikstad",
        "Halden",
        "Harstad",
        "Haugesund",
        "Kongsberg",
        "Kristiansand",
        "Lillehammer",
        "Mo I Rana",
        "Molde",
        "Moss",
        "Oslo",
        "Sandefjord",
        "Stavanger",
        "Tonsberg",
        "Tromso",
        "Trondheim"
    ],
    "Botswana": [
        "Gaborone"
    ],
    "Macao": [
        "Macao",
        "Taipa"
    ],
    "Denmark": [
        "Aalborg",
        "Arhus",
        "Birkerød",
        "Copenhagen",
        "Esbjerg",
        "Fredericia",
        "Frederiksberg",
        "Frederikshavn",
        "Helsingor",
        "Herning",
        "Hillerod",
        "Horsens",
        "Kolding",
        "Lolland",
        "Odense",
        "Randers",
        "Ringsted",
        "Roskilde",
        "Silkeborg",
        "Slangerup",
        "Sonderberg",
        "Svendborg",
        "Vejle",
        "Viborg"
    ],
    "Dominican Republic": [
        "Boca Chica",
        "Cabarete",
        "La Vega",
        "Puerto Plata",
        "Punta Cana",
        "Santiago",
        "Santo Domingo",
        "Sosua"
    ],
    "Mexico": [
        "Acapulco",
        "Aguascalientes",
        "Ajijic",
        "Cabo San Lucas, Baja California Sur",
        "Cancun",
        "Celaya",
        "Chihuahua",
        "Ciudad Juarez",
        "Ciudad Victoria",
        "Ciudad del Carmen",
        "Colima",
        "Cozumel",
        "Cuernavaca",
        "Culiacan",
        "Durango",
        "Ecatepec",
        "Ensenada",
        "Guadalajara",
        "Guanajuato",
        "Hermosillo",
        "Irapuato",
        "La Paz",
        "Leon",
        "Mazatlan",
        "Merida",
        "Mexicali",
        "Mexico City",
        "Monterrey",
        "Morelia",
        "Nuevo Laredo",
        "Oaxaca De Juarez",
        "Pachuca",
        "Playa del Carmen",
        "Puebla",
        "Puerto Escondido",
        "Puerto Vallarta",
        "Queretaro",
        "Reynosa",
        "Saltillo",
        "San Cristobal de Las Casas",
        "San Luis Potosi",
        "San Luis Rio Colorado",
        "San Miguel de Allende",
        "San Pedro Garza Garcia",
        "Tampico",
        "Tepic",
        "Tijuana",
        "Toluca",
        "Torreon",
        "Tulum",
        "Tuxtla Gutierrez",
        "Veracruz",
        "Villahermosa",
        "Xalapa, Veracruz",
        "Zacatecas",
        "Zapopan"
    ],
    "Uganda": [
        "Kampala"
    ],
    "Suriname": [
        "Paramaribo"
    ],
    "Greenland": [
        "Nuuk"
    ],
    "Antigua And Barbuda": [
        "St. John's"
    ]
}